ID,Answer,Category,Confidence,Needs Review,Question,Review Question,Scripture,Status,Suggested Page
Q0001,"Finding the right church is about more than choosing a place to attend on Sundays—it's about finding a community that helps you grow in your relationship with Jesus.

Look for a church where Christ is at the centre, the Bible is taught faithfully, people genuinely care for one another, and you have opportunities to grow and serve. Visit a few times, ask questions, and prayerfully decide before making it your church home.

At ROLCC, we encourage people to take their time and make an informed decision.",Finding & Visiting Church,,,I'm new to Bangalore. How do I find a church?,,,Draft,
Q0002,"Yes. Work schedules don't prevent you from being part of a church community.
While gathering together is important, we understand that work commitments can sometimes make Sunday attendance difficult. At ROLCC, we have Cell Fellowships that meet both online and in person on weekday evenings, along with various activities throughout the week where you can build relationships, grow in your faith, and stay connected to the church community.",Finding & Visiting Church,,,I work weekends sometimes. Can I still be part of a church?,,,Draft,
Q0003,"Yes. Gathering together as the Body of Christ is an important part of the Christian life. If work commitments occasionally prevent you from attending on Sundays, we encourage you to stay connected through our weekday Cell Fellowships (online and in person) and other church activities held throughout the week.",General,,,I'm an IT professional with an unpredictable schedule. How can I stay connected?,,,Draft,
Q0004,"Moving to a new area can be exciting, but finding a community takes time.

Look for a church where you can build genuine relationships, grow spiritually, and become part of a caring community rather than simply attending services.

If you're in or around HSR Layout, you're welcome to visit ROLCC, meet our church family, and see whether it feels like the right place for you",Finding & Visiting Church,,,I've recently moved to HSR Layout. How do I find a church community?,,,Draft,
Q0005,"Absolutely. International students are always welcome at ROLCC.

Whether you're in Bangalore for your studies, work, or a short stay, we hope you'll find a welcoming community where you can worship, build friendships, and grow in your faith while you're here.",Serving & Ministry,,,Which church in Bangalore is good for international students?,,,Draft,
Q0006,"A Bible-believing church teaches Scripture faithfully, keeps Jesus at the centre, and encourages people to live according to God's Word.

As you visit churches, pay attention to the teaching, the community, and whether the church helps people grow as disciples of Christ.

At ROLCC, the Bible is the foundation of our teaching, preaching, and ministry.",Finding & Visiting Church,,,How do I find a Bible-believing church in Bangalore?,,,Draft,
Q0007,"A church is the right fit if it helps you know Jesus, teaches the Bible faithfully, encourages spiritual growth, and helps you become part of a genuine Christian community.

Ask yourself whether Christ is at the centre, the Bible is taught faithfully, you're growing spiritually, building meaningful relationships, and finding opportunities to serve.

At ROLCC, we encourage you to visit a few times, ask questions, and prayerfully decide before making it your church home.",Finding & Visiting Church,,,How do I know if a church is right for me?,,,Draft,
Q0008,"Look for a church that faithfully teaches the Bible, points people to Jesus, encourages spiritual growth, and builds authentic Christian community.

A healthy church should not only inspire you on Sundays but also help you grow in your everyday walk with Christ.

At ROLCC, our desire is to help people know Jesus, grow in faith, build meaningful relationships, and serve others.",Finding & Visiting Church,,,What should I look for in a church?,,,Draft,
Q0009,"There is no fixed timeline. We recommend attending a church for a few weeks so you can experience its teaching, community, and culture before making your decision.

Choosing a church home is an important step, and it's worth taking the time to prayerfully discern where God is leading you.

At ROLCC, we encourage people to decide thoughtfully rather than quickly.",Finding & Visiting Church,,,How long should I attend before deciding to make it my church?,,,Draft,
Q0010,"Building community begins with showing up consistently, getting to know people, and taking part in church life beyond Sunday services.

As you become more familiar with the church, consider joining a Cell Fellowship, serving in a ministry, or participating in church activities. These are often the best places to build meaningful relationships and grow in your faith.

At ROLCC, we believe church is more than attending a service—it's about growing together as a community.",Finding & Visiting Church,,,How can I become part of the church community?,,,Draft,
Q0011,"When you visit ROLCC, you can expect a warm welcome, a time of worship, prayer, and a Bible-based message. You're free to participate as much or as little as you're comfortable with.
As a first-time visitor, you'll also receive a thoughtfully prepared welcome kit. It includes information about the church, a handcrafted greeting, and a few small gifts that have been prayerfully prepared as a simple expression of our love and appreciation for your visit.
After the service, you're welcome to meet our pastors or church members, ask questions, or simply head home at your own pace.",Finding & Visiting Church,,,What happens when I visit a church for the first time?,,,Draft,
Q0012,"You can simply walk in. Registration is not required for a regular Sunday service. If you need any assistance, our welcome team will be happy to help you.",General,High,,"Can I just walk in, or do I need to register?",,,Draft,Sunday Service
Q0013,There is no dress code at ROLCC. Wear something modest and comfortable. Our desire is that you feel at ease and can focus on worship and hearing God's Word rather than what you're wearing.,Finding & Visiting Church,High,,What should I wear to church?,,,Draft,Sunday Service
Q0014,"No. You won't be asked to stand up or introduce yourself publicly.

If you'd like to meet someone after the service, our pastors and volunteers would be happy to connect with you, but you're equally welcome to attend quietly and leave at your own pace.",General,,,Will someone ask me to introduce myself?,,,Draft,
Q0015,"That's perfectly alright. Whether you're familiar with the songs and prayers or experiencing them for the first time, you're welcome to participate at your own pace. There is no expectation to know everything, and we're always happy to help you feel at home.",Care & Hope,,,What if I don't know the songs or prayers?,,,Draft,
Q0016,"Yes. Everyone is welcome at ROLCC regardless of their faith or background. Whether you're exploring Christianity, visiting with a friend, or simply curious, you're welcome to attend our services without any pressure to become a member or Christian. You're free to observe, ask questions, and take your journey at your own pace.",Finding & Visiting Church,High,,Can I visit a Christian church if I'm not a Christian?,,Romans 15:7,Draft,Homepage
Q0017,"Yes. ROLCC welcomes people from every religion, culture, and background.

Whether you're visiting to understand Christianity, accompanying a friend, or simply curious, you're welcome to attend our services without any pressure or obligation.",Finding & Visiting Church,,,Can people from any religion attend a church service?,,,Draft,
Q0018,"No. We won't pressure you to make a decision or become a Christian.

Our desire is to create a welcoming environment where you can explore the Christian faith, ask honest questions, and make your own decisions. If you'd like to speak with someone or receive prayer, we're always available.",General,,,Will anyone try to convert me?,,,Draft,
Q0019,"Yes. You're welcome to simply observe the service.

Whether you choose to sing, pray, participate, or just watch and listen, we want you to feel comfortable. Take your time, and engage at a pace that's right for you.",Serving & Ministry,,,Is it okay if I just want to observe?,,,Draft,
Q0020,"Absolutely. We believe honest questions are an important part of every faith journey.

Whether you're exploring Christianity for the first time or seeking deeper understanding, you're welcome to ask questions and have open conversations with our pastors or church members. Our desire is to help people discover the truth of God's Word with grace, respect, and patience.",Finding & Visiting Church,,,Can I ask questions about Christianity without feeling pressured?,,,Draft,
Q0021,"Yes. You're welcome at ROLCC exactly as you are. Whether you're facing personal challenges, family difficulties, loneliness, grief, anxiety, or simply searching for hope, you don't have to have everything figured out before coming to church.
We're here to walk alongside you with prayer, biblical encouragement, and practical support. Where appropriate, we also have trained counsellors and experienced professionals who can listen, guide, and support you through different seasons of life.
You don't have to face life's challenges alone.",Finding & Visiting Church,,,Can I come to church even if I'm struggling?,,,Draft,
Q0022,"Absolutely. We'd be honoured to pray with you.

Whether your request is personal, for your family, work, health, or anything else, our pastors and prayer team are available after every service. You can also share your prayer request with us online or contact the church during the week.",Care & Hope,,,Can I ask someone to pray for me?,,,Draft,
Q0023,"Yes. If you'd like to speak with a pastor, we'd be happy to arrange a private conversation.

Whether you have questions about faith, need spiritual guidance, or simply want someone to listen, we'll do our best to provide a safe, caring, and confidential environment.",Serving & Ministry,,,Can I talk to a pastor privately?,,,Draft,
Q0024,"Yes. One of the purposes of the church is to support one another through every season of life.

Depending on your situation, this may include prayer, pastoral care, counselling, practical encouragement, or connecting you with a caring church community. We want you to know that you don't have to walk through difficult times alone.",Finding & Visiting Church,,,Can the church help me if I'm going through a difficult time?,,,Draft,
Q0025,"No. If you need prayer, pastoral care, or someone to talk to, you're welcome to reach out regardless of how long you've been attending ROLCC.

While lasting care naturally grows through relationships within the church, we're always willing to listen and help where we can.",Finding & Visiting Church,,,Do I have to attend regularly before asking for help?,,,Draft,
Q0026,"Absolutely. Children are always welcome at ROLCC.
Families are an important part of our church, and you're welcome to have your children with you. We also have a dedicated River Kids Ministry where children can learn about Jesus in a safe, engaging, and age-appropriate environment.",Families & Children,,,Can I bring my children with me?,,,Draft,
Q0027,"Yes. During our Sunday services, children can be part of River Kids Ministry, where they learn biblical truths through worship, Bible lessons, activities, games, memory verses, and age-appropriate teaching.
Our desire is to help children grow in their faith while enjoying a safe and welcoming environment",Families & Children,,,Is there a children's program during the service?,,,Draft,
Q0028,"Your child's safety and wellbeing are important to us.

Our River Kids Ministry is conducted by trained volunteers in a caring environment designed for children to learn and grow. We strive to provide a safe, welcoming, and well-supervised experience for every child.",Families & Children,,,Will my child be safe?,,,Draft,
Q0029,"That's completely okay.

We understand that babies and young children have their own routines, and parents should never feel embarrassed. If you need a moment to comfort your child, you're free to do so and return whenever you're ready.",Families & Children,,,What if my baby cries during the service?,,,Draft,
Q0030,"Yes. Joining River Kids is optional.

Children are welcome to remain with their parents during the service if that's what you're most comfortable with. Our River Kids Ministry is available for families who would like their children to participate in a dedicated, age-appropriate program.",Families & Children,,,Can children stay with their parents if they don't want to join the kids' program?,,,Draft,
Q0031,"Absolutely. Many people visit ROLCC on their own, whether they're new to Bangalore, exploring Christianity, or simply looking for a church community.

You'll be warmly welcomed, and if you'd like, our team can help you get connected with others after the service.",Finding & Visiting Church,,,Can I come to church by myself?,,,Draft,
Q0032,"ROLCC is home to people of different ages and stages of life, including students, young professionals, families, and senior adults.

Beyond our Sunday services, we have Cell Fellowships, ministry teams, and activities throughout the week that make it easier to build meaningful friendships with people in a similar season of life.",General,,,Will I meet people my age?,,,Draft,
Q0033,"Friendships grow naturally as you spend time with people.
At ROLCC, many lasting friendships begin through our weekday Cell Fellowships (online and in person), ministry teams, and church activities. These smaller gatherings create opportunities to know people personally, grow in faith together, and support one another beyond Sunday services.",Finding & Visiting Church,,,How can I make friends in the church?,,,Draft,
Q0034,"Yes. Church life at ROLCC extends beyond Sunday services.
Throughout the week, we have Cell Fellowships (online and in person), prayer meetings, ministry gatherings, training programmes, outreach initiatives, and other activities designed to help people grow spiritually, build relationships, and serve together.",General,,,Are there activities during the week?,,,Draft,
Q0035,"Yes. While gathering with the church is an important part of Christian life, we understand that work commitments can sometimes be demanding.
At ROLCC, we offer weekday Cell Fellowships (online and in person) along with various ministries and activities throughout the week, giving you opportunities to stay connected and grow in your faith as your schedule allows.",General,,,Can I get involved even if I have a busy work schedule?,,,Draft,
Q0036,"You can expect a welcoming environment, a time of worship through music, prayer, and a Bible-based message centred on Jesus Christ.
As a first-time visitor at ROLCC, you'll also receive a thoughtfully prepared welcome kit with information about the church, a handcrafted greeting, and a few small gifts that have been prayerfully prepared as a simple expression of our love and appreciation for your visit.",Finding & Visiting Church,,,What should I expect when I visit a Christian church?,,,Draft,
Q0037,"No. You're welcome to come just as you are.

There is no requirement to know the Bible, understand church traditions, or be familiar with the songs or order of the service. Simply come with an open heart, and participate at your own pace.",Finding & Visiting Church,,,Do I need to know anything before attending?,,,Draft,
Q0038,"Yes. Whether you're visiting for the first time or are unfamiliar with some of the songs, prayers, or the order of the service, you're welcome to participate at your own pace.

There is no expectation to know everything, and if you have questions, our pastors and church family will be happy to help.",General,,,Is it okay if I don't understand what's happening?,,,Draft,
Q0039,"Absolutely. ROLCC is a place where you're free to explore the Christian faith, ask honest questions, and learn more about Jesus at your own pace.

Whether you're simply curious, invited by a friend, or searching for answers, you'll always be treated with respect and without pressure.",Finding & Visiting Church,,,Can I come even if I'm still exploring Christianity?,,,Draft,
Q0040,"No. While the church exists to worship Jesus Christ and help believers grow in their faith, everyone is welcome to attend ROLCC.

Many people visit because they're exploring Christianity, seeking hope, looking for community, or wanting to understand what Christians believe. Whatever brings you here, you're welcome.",Finding & Visiting Church,,,Is church only for Christians?,,,Draft,
Q0041,"Becoming part of a church is about more than attending a Sunday service—it's about building relationships and growing together in Christ.
At ROLCC, many people begin by attending regularly, joining a Cell Fellowship, participating in church activities, and serving when they're ready. As relationships grow, church naturally begins to feel like home.",Finding & Visiting Church,,,How can I become part of the church?,,,Draft,
Q0042,"Serving is one of the ways we grow as followers of Christ and use the gifts God has given us to bless others.

At ROLCC, there are opportunities to serve in worship, media, children, hospitality, outreach, administration, prayer, technical teams, and many other ministries. We'd be happy to help you discover where your gifts can make the greatest impact.",Serving & Ministry,,,How can I serve at the church?,,,Draft,
Q0043,"Not always.

Some serving opportunities are open to those who are regularly attending and getting to know the church, while other ministries may require additional preparation or church membership. This helps us care well for both our volunteers and those they serve.

Our leaders will guide you through the appropriate next steps based on the ministry you're interested in.",Serving & Ministry,,,Do I need to become a member before volunteering?,,,Draft,
Q0044,"The best way to join a ministry is to speak with one of our pastors or ministry leaders after a service or contact the church office.

We'll help you understand the different ministry opportunities, learn about your interests and gifts, and guide you towards the ministry where you can serve effectively.",Serving & Ministry,,,How do I join a ministry?,,,Draft,
Q0045,"Yes. We believe serving is both a privilege and a responsibility.

Before serving in many ministries, volunteers receive orientation, guidance, and ongoing training to help them serve with excellence, confidence, and Christ-like character.",Serving & Ministry,,,Is there training for volunteers?,,,Draft,
Q0046,"Lasting hope isn't found in circumstances but in Jesus Christ.

Life can be uncertain, but God's love, His promises, and His presence remain constant. At ROLCC, our desire is to help people discover the hope found in Christ through God's Word, prayer, worship, and a caring church community.",Care & Hope,,,Where can I find hope?,,,Draft,
Q0047,"Moving to a new city can feel overwhelming, especially when you're away from family and familiar relationships.
At ROLCC, we believe church is a place where people find not only spiritual encouragement but also genuine community. Through our Cell Fellowships, ministries, and weekly activities, you'll have opportunities to build meaningful friendships and become part of a church family.",General,,,I feel alone after moving to Bangalore.,,,Draft,
Q0048,"We'd be honoured to pray with you.

You can speak with one of our pastors or prayer team after any service, submit a prayer request through our website, or contact the church during the week. Whatever you're facing, we'd count it a privilege to stand with you in prayer.",Care & Hope,,,I need someone to pray for me.,,,Draft,
Q0049,"Meaningful friendships are built through shared life, not just shared interests.
At ROLCC, many lasting friendships begin through Cell Fellowships, ministry teams, prayer gatherings, and church activities throughout the week. As you spend time with people and grow together in faith, genuine relationships naturally develop.",General,,,How do I make meaningful friendships in Bangalore?,,,Draft,
Q0050,"We believe your purpose begins with knowing God.

As you grow in your relationship with Jesus, you'll discover the unique gifts, abilities, and opportunities God has entrusted to you to serve others and make a difference. At ROLCC, we're passionate about helping people discover their calling and live out God's purpose for their lives through discipleship, ministry, and serving the community.",General,,,How do I find purpose in life?,,,Draft,
Q0051,"Moving to a new city can be exciting, but it can also feel lonely when you're away from family and familiar faces.
At ROLCC, we believe church is more than a Sunday gathering—it's a community where people encourage, support, and grow together. Through our Cell Fellowships, ministry teams, and activities throughout the week, you'll have opportunities to build genuine friendships and find a place to belong.",Care & Hope,,,I just moved to Bangalore and feel lonely.,,,Draft,
Q0052,"You don't have to walk through life alone.
At ROLCC, we believe God designed us to live in community. Whether you're looking for friendship, encouragement, or people to journey through life with, you'll find opportunities to connect through our Sunday services, Cell Fellowships, ministries, and weekly activities.",General,,,I don't want to be alone anymore.,,,Draft,
Q0053,"If you're looking for a Bible-believing church in Bangalore, we encourage you to find a church where Christ is at the centre, the Bible is taught faithfully, and you're encouraged to grow in your relationship with God.
If you're near HSR Layout, we'd love to welcome you to ROLCC. Along with our Sunday services, we have weekday Cell Fellowships, discipleship opportunities, ministry training, and activities that help people grow spiritually and build meaningful relationships.",Finding & Visiting Church,,,I recently moved to Bangalore for work. Can you recommend a Bible-believing church where I can grow spiritually?,,,Draft,
Q0054,"If you're looking for a church in HSR Layout with an active and welcoming community, you're welcome to visit ROLCC.
Many students, young professionals, couples, and families are part of our church community. Through our Cell Fellowships, ministries, outreach initiatives, and church activities throughout the week, you'll have opportunities to build friendships, grow in your faith, and serve alongside others.",Finding & Visiting Church,,,I'm staying in HSR Layout. Which church has an active young adults community?,,,Draft,
Q0055,"A good children's ministry should provide a safe, caring environment where children can learn God's Word, build friendships, and enjoy coming to church.
At ROLCC, our River Kids Ministry helps children grow through Bible lessons, worship, memory verses, games, creative activities, and age-appropriate teaching, while partnering with parents in their spiritual journey.",Families & Children,,,Which church in Bangalore has good children's ministry?,,,Draft,
Q0056,"ROLCC is a Bible-believing Pentecostal church that believes the Holy Spirit continues to work in and through believers as taught in Scripture.
We believe the gifts of the Holy Spirit are given to build up the Church, glorify Christ, and serve others, while always remaining rooted in God's Word.",Finding & Visiting Church,,,I'm looking for a church that believes in the gifts of the Holy Spirit.,,,Draft,
Q0057,"If you're looking for a church that values children and partners with parents, we'd love to welcome you to ROLCC.
Our River Kids Ministry provides a safe, engaging, and Christ-centred environment where children learn through worship, Bible teaching, activities, games, and meaningful relationships with caring leaders.",Families & Children,,,Which church in Bangalore has a good children's ministry?,,,Draft,
Q0058,"At River Kids, children regularly learn Christian songs as part of worship in an engaging and age-appropriate way.
If your child would like to grow further in music, ROL's School of Music (RSM) also offers training in vocals and musical instruments, helping children develop their God-given talents while building a strong musical foundation.",Families & Children,,,Where can my child learn Christian songs?,,,Draft,
Q0059,"Yes. We encourage children to use their gifts to glorify God.

At ROLCC, children have opportunities to participate in worship and special presentations during church events and celebrations. As they grow in confidence and ability, they can be guided and encouraged to serve through music.",Families & Children,,,Are there churches where children can sing in worship?,,,Draft,
Q0060,"Yes. Through ROL's School of Music (RSM), children can learn keyboard, guitar, drums, violin, vocals, and other musical skills from trained instructors.
Along with developing musical ability, we encourage students to use their gifts to worship God, serve the church, and grow in confidence and discipline.",Families & Children,,,Can my child learn keyboard or guitar through church?,,,Draft,
Q0061,"A church should partner with parents in helping children know, love, and follow Jesus.
At ROLCC, River Kids Ministry provides a safe and engaging environment where children learn God's Word through Bible lessons, worship, memory verses, activities, prayer, and meaningful friendships. Our desire is to help children build a strong spiritual foundation that continues beyond Sunday.",Families & Children,,,I'm looking for a church where my children can grow spiritually.,,,Draft,
Q0062,"Children grow in confidence when they're encouraged to learn, participate, and discover the gifts God has given them.
At ROLCC, children are given opportunities to learn, participate in church programmes, develop their talents, and build healthy relationships. Through River Kids and ROL's School of Music (RSM), many children develop confidence both spiritually and personally.",Families & Children,,,Which church helps children build confidence?,,,Draft,
Q0063,"Yes. We believe teenagers should be encouraged to discover and use their gifts from a young age.

At ROLCC, teenagers can gradually become involved in different ministries under the guidance of ministry leaders. We encourage them to grow spiritually, serve responsibly, and develop Christ-like character as they serve.",Families & Children,,,Is there a church where my teenager can volunteer?,,,Draft,
Q0064,"Yes. Children are encouraged to participate in special church programmes throughout the year, including Christmas celebrations.

These opportunities help children develop confidence, use their gifts, and joyfully share the message of Jesus with the church and the wider community.",Families & Children,,,Can my child participate in Christmas programs?,,,Draft,
Q0065,"You're not alone. Many people come to Bangalore for work or studies and are looking for meaningful relationships.
At ROLCC, we believe church is a family where people can belong, grow, and support one another. Through our Cell Fellowships, ministry teams, and activities throughout the week, you'll have opportunities to build genuine friendships and become part of a caring community.",General,,,I'm new to Bangalore and don't know anyone.,,,Draft,
Q0066,"Meaningful friendships are built by spending time together, sharing life, and being part of a community.
At ROLCC, many lasting friendships begin through Cell Fellowships, ministry teams, outreach programmes, and church activities during the week. These smaller settings make it easier to connect with people beyond a Sunday service.",General,,,How do I make genuine friends in Bangalore?,,,Draft,
Q0067,"Relocating for work can be exciting, but it can also leave you feeling isolated.
At ROLCC, you'll find more than a Sunday service—you'll find opportunities to connect through Cell Fellowships, church activities, and ministry teams where people encourage, pray for, and journey together through life's different seasons.",Care & Hope,,,I'm feeling lonely after moving for work.,,,Draft,
Q0068,"Building friendships outside work is an important part of finding balance and belonging.
At ROLCC, you'll meet people from different professions, backgrounds, and age groups. Through our weekday Cell Fellowships, ministries, and church activities, you'll have opportunities to build genuine friendships that extend beyond the workplace.",General,,,I want to meet people outside my office.,,,Draft,
Q0069,"Yes. Many young professionals are part of the ROLCC family.
Beyond our Sunday services, you'll find opportunities to connect through Cell Fellowships, ministry teams, outreach initiatives, training programmes, and various church activities throughout the week. These gatherings help people build friendships, grow spiritually, and do life together.",Finding & Visiting Church,,,Is there a church where young professionals hang out?,,,Draft,
Q0070,"Finding community starts with consistently investing in relationships.
At ROLCC, we encourage people to be part of a Cell Fellowship, participate in church activities, and serve alongside others. As you grow in faith and share life together, you'll naturally build meaningful relationships and become part of a church family.",General,,,How do I find community in Bangalore?,,,Draft,
Q0071,"Yes. If God has blessed you with musical gifts, we'd love to help you explore how you can use them to serve.

At ROLCC, musicians are encouraged to first become part of the church family, grow spiritually, and journey with the worship ministry through guidance, mentoring, and training before serving on the platform.",Serving & Ministry,,,I play guitar. Can I volunteer at a church?,,,Draft,
Q0072,"Joining the worship team begins with more than musical ability—it begins with a heart to worship and serve.

If you're interested, speak with one of our worship leaders or pastors. We'll guide you through the next steps, which may include getting to know the church, attending rehearsals, mentoring, and any evaluation process the ministry follows.",Serving & Ministry,,,How do I join a worship team?,,,Draft,
Q0073,"Yes. If you have a heart for children and a desire to help them grow in their faith, there are opportunities to serve in River Kids Ministry.
Because children's ministry is an important responsibility, every volunteer is guided through the church's onboarding and preparation process before serving.",Families & Children,,,Can I teach children in church?,,,Draft,
Q0074,"Speak with one of our pastors or ministry leaders, and we'll help you discover where your gifts, interests, and experience can best serve the church. We encourage everyone to grow in their relationship with Christ while finding the right place to serve.",Serving & Ministry,,,How do I start serving in ministry?,,,Draft,
Q0075,"Absolutely. If you have skills in photography, videography, design, audio, lighting, livestreaming, social media, or technology, there are opportunities to use those gifts to serve God's Kingdom.

Our media ministry supports worship services, church events, and outreach, and we'd be happy to help you explore where you can contribute.",Serving & Ministry,,,I'm a media professional. Can I volunteer at church?,,,Draft,
Q0076,"Building meaningful relationships takes time.
If you're finding it difficult to connect, we encourage you to take a step beyond Sunday services by joining a Cell Fellowship, participating in church activities, or serving in a ministry. Smaller communities often become the place where lasting friendships and spiritual growth happen.",Finding & Visiting Church,,,I don't feel connected at church.,,,Draft,
Q0077,"Friendships are built through shared experiences and consistent relationships.
At ROLCC, many friendships begin through Cell Fellowships, ministry teams, prayer gatherings, and church activities throughout the week. As you grow together in faith and serve alongside one another, genuine relationships naturally develop.",Finding & Visiting Church,,,How do I make friends at church?,,,Draft,
Q0078,"Many believers experience seasons where they feel distant from God. While feelings can change, God's love and faithfulness remain constant.

Spend time in prayer, read God's Word, stay connected to Christian community, and don't hesitate to speak with a pastor or mature believer. Sometimes God uses these seasons to deepen our dependence on Him rather than our emotions.",General,,,Why do I feel disconnected from God?,,,Draft,
Q0079,"The best way to become involved is to participate consistently.
Attend Sunday services, join a Cell Fellowship, take part in church activities, and explore opportunities to serve. As you build relationships and grow in your faith, you'll naturally become more connected to the life of the church.",Finding & Visiting Church,,,How do I get more involved in church?,,,Draft,
Q0080,"Discovering God's purpose is often a journey rather than a single moment.

As you continue growing in your relationship with Christ, serving others, and using the gifts God has given you, your calling becomes clearer over time. At ROLCC, we're committed to helping people discover, develop, and use their God-given gifts through discipleship, ministry opportunities, and mentoring.",Finding & Visiting Church,,,I've been attending church for years but don't feel like I belong.,,,Draft,
Q0081,"Start by serving in one simple place and staying connected to people who can walk with you. Purpose in church isn’t about a “position”—it’s about following Jesus, growing, and using what God has given you to bless others. A practical next step is to join a Cell Fellowship, speak with a pastor or leader, and try one ministry area for a few weeks (welcoming, River Kids, worship, media, outreach, etc.). Over time, your gifts become clearer as you show up, learn, and love people.",Finding & Visiting Church,Medium,,How do I find purpose in church?,,Ephesians 2:10; 1 Peter 4:10; Romans 12:4–6,Draft,
Q0082,"Start small and serve where you can be consistent. At ROLCC, you can simply attend, then share your interest with our church team after a service—or submit it through the Welcome Form. From there, the right department leader will reach out and guide you through the next steps. If you’re not sure where you fit, try one area for a few weeks and see what gives you joy and helps others (Welcoming/Ushering, River Kids, Media/Production, Prayer Ministry, Outreach, Worship, etc.). Serving is one of the best ways to build friendships and grow.",Serving & Ministry,High,,I want to serve but don't know where to start.,,,Draft,
Q0083,"Yes. Being shy doesn’t disqualify you from serving—many meaningful roles don’t require being “on stage.” At ROLCC, you can attend first, then tell our team you’d like to volunteer (or share it through the Welcome Form). A department leader will connect with you and help you find a role that matches your comfort level and gifts. Some quieter starting points can be Media/Production, River Kids support roles, or helping with set-up and behind-the-scenes tasks. You can also begin by joining a Cell Fellowship to build relationships at your pace.",Serving & Ministry,High,,I'm shy. Can I still volunteer?,,,Draft,
Q0084,"Yes. You can attend without talking to anyone. At ROLCC, we try to welcome people warmly and thoughtfully, but we don’t single visitors out or ask anyone to introduce themselves publicly. If you want to come in, sit, listen, and leave quietly, that’s completely okay. When you’re ready, you can take a small next step—say hello to someone after service, fill the Welcome Form, or join a Cell Fellowship where conversations happen more naturally in a smaller group.",Finding & Visiting Church,High,,Can I attend church without talking to anyone?,,,Draft,
Q0085,"Yes. You can quietly attend a service at ROLCC. We’ll welcome you warmly, but we won’t call you out, ask you to introduce yourself, or pressure you to participate. You can sit, listen, and take in the service at your own pace. Our services are primarily in English, and you’ll find people from different backgrounds and languages—so it’s okay if you’re still figuring things out. If you’d like, you can connect later through the Welcome Form or speak with a pastor or team member after the service, but there’s no obligation.",Finding & Visiting Church,High,,Can I quietly attend a church service?,,,Draft,
Q0086,"Yes—visiting is a great first step. You don’t have to join before you come. At ROLCC, you’re welcome to attend a Sunday service, sit in, and simply observe without pressure. We offer a warm welcome, but we won’t ask you to stand up or introduce yourself publicly. If you prefer to keep things private, you can. If you’d like to connect later, you can use the Welcome Form or speak with someone from the team after the service. Take your time—faith and trust often grow one honest step at a time.",Finding & Visiting Church,High,,I don't want to join a church yet. Can I just visit?,,,Draft,
Q0087,"Yes. It’s completely okay to just sit and listen. At ROLCC, we understand that some people need time to feel comfortable, especially if you’re new to church or just exploring faith. We won’t force you to pray out loud, introduce yourself, or do anything that makes you uneasy. You’re welcome to come, listen, reflect, and leave quietly if needed. Our services are mainly in English, and we’re a church family with people from different backgrounds. If you ever want support—prayer, counselling, or a Cell Fellowship—you can reach out when you’re ready.",Finding & Visiting Church,High,,Is it okay if I just sit and listen during church?,,,Draft,
Q0088,"Yes. You can attend ROLCC without becoming a member. Many people take time to understand what we believe, experience the community, and ask honest questions before making any commitment. That said, membership can be meaningful—it’s a way of saying “this is my church family,” and it also helps us care well for you. For certain pastoral services like weddings, baby dedication, burial support, and some priority care, members may receive preference (not to exclude others, but because church family carries shared responsibilities and privileges). You’re welcome either way—start by visiting and take your next step when you’re ready.",Finding & Visiting Church,High,,Can I attend church without becoming a member?,,,Draft,
Q0089,"Some churches do, but at ROLCC we don’t force visitors to introduce themselves publicly. We understand many people feel anxious about attention, so we avoid putting anyone on the spot. You can attend quietly, sit where you’re comfortable, and simply observe. Our team may greet you warmly, and we have a Welcome Form if you want to share your details—but it’s optional. If you’d like to take a next step later, you can connect with a pastor or join a Cell Fellowship to meet people in a more natural, smaller setting.",Finding & Visiting Church,High,,Do churches force visitors to introduce themselves?,,,Draft,
Q0090,"Yes. If you don’t like attention, you’re still very welcome at ROLCC. We won’t ask you to stand up, introduce yourself, or do anything publicly. You can come in, sit, and listen at your own pace. If you want to stay anonymous for a while, that’s okay. Over time, if you’d like a gentle way to connect, a Cell Fellowship can help you build relationships in a smaller group without pressure. And if you ever need prayer or support, our Prayer Ministry and Counselling Ministry are available when you’re ready to reach out.",Finding & Visiting Church,High,,I don't like attention. Can I still attend church?,,,Draft,
Q0091,"Yes. You’re free to leave right after the service, and it won’t be awkward. At ROLCC we try to welcome people warmly, but we don’t corner visitors or pressure anyone to stay. If you need to step out quickly, that’s completely okay. If you’d like to connect another day, you can use the Welcome Form or talk to someone when you have time. And if you’re looking for a smaller, more relaxed way to meet people, a Cell Fellowship during the week is often a gentle next step.",Finding & Visiting Church,High,,Can I leave after the service without being awkward?,,,Draft,
Q0092,"No—you won’t be chased. If you share your details through the Welcome Form, someone from our team or a department leader may reach out once to welcome you and offer help, but we don’t believe in repeatedly calling or pressuring people. You’re always in control of how much you want to connect. If you’d rather stay anonymous, you can simply attend without filling anything. And if you do want to take a next step later—prayer, counselling, serving, or a Cell Fellowship—you can reach out when you’re ready.",Serving & Ministry,High,,Will people keep calling me if I visit once?,,,Draft,
Q0093,"Yes. You can attend without joining anything right away. At ROLCC, you’re welcome to come, sit, listen, and take your time—there’s no pressure to sign up or commit quickly. We also don’t ask visitors to stand up and introduce themselves publicly. If you eventually want community beyond Sundays, a Cell Fellowship is a simple next step, but it’s okay to start with just showing up and getting comfortable first.",Finding & Visiting Church,High,,Can I just attend without joining anything?,,,Draft,
Q0094,"Yes. It’s completely okay to come alone. Many people visit ROLCC by themselves—especially when they’re new to the city or exploring faith. We’ll welcome you warmly, but we won’t put you on the spot or ask you to introduce yourself publicly. You can sit, listen, and leave quietly if you prefer. If you’d like help finding a smaller circle, we can point you to a Cell Fellowship where friendships often form more naturally during the week.",General,High,,Is it okay if I come alone?,,,Draft,
Q0095,"For a Christian, regular fellowship isn’t optional—it’s an important part of growth. If you’re new to faith, it’s okay to begin at a pace you can sustain, but we don’t want “occasional church” to become the goal. We understand some seasons make Sundays difficult (work shifts, travel, health, family). In those times, stay actively connected through Cell Fellowship and other spiritual enrichment during the week—prayer gatherings, serving, training, and community—so you’re still being strengthened and supported, not drifting alone.",General,High,,Can I come occasionally?,,,Draft,
Q0096,"That’s okay. You don’t have to be “ready” to get involved on day one. At ROLCC, you can simply attend, listen, and take your time. We’ll welcome you, but we won’t pressure you to join a group, serve, or share publicly. When you’re ready for a next step, you can choose something small—fill the Welcome Form, ask for prayer, or try a Cell Fellowship for a few weeks. Healthy involvement grows best through trust, not force.",General,High,,What if I'm not ready to get involved?,,,Draft,
Q0097,"Yes. If you just want to listen, that’s completely okay. At ROLCC, you’re welcome to sit, observe, and process things at your own pace—especially if you’re exploring faith or returning after a break. You won’t be asked to introduce yourself publicly or do anything that makes you uncomfortable. If you ever want support, you can ask for prayer through our Prayer Ministry, speak with a pastor, or connect via the Welcome Form—only if you choose.",General,High,,Is it okay if I just want to listen?,,,Draft,
Q0098,"Yes. You can leave right after the service. Some people need to head out quickly for family, work, or travel, and that’s okay. At ROLCC, we won’t make it uncomfortable or pressure you to stay. If you’d like to connect without rushing, you can come a little early another week, use the Welcome Form, or join a Cell Fellowship where conversations happen more naturally in a smaller setting during the week.",Finding & Visiting Church,High,,Can I leave right after the service?,,,Draft,
Q0099,"Only if you choose to share your details. If you fill the Welcome Form, someone from our team may reach out to welcome you and help you take a next step (like Cell Fellowship, serving, counselling, or prayer). But we don’t believe in pressuring visitors or repeatedly contacting people. If you prefer privacy, you can attend without filling anything and simply come as you are. You’re welcome either way.",Finding & Visiting Church,High,,Will I be contacted if I visit once?,,,Draft,
Q0100,"Yes—taking a few weeks is wise. You’re welcome to attend ROLCC for a season, listen, watch how we live out our faith, and ask questions before deciding anything. We won’t push you to join quickly, and we won’t ask visitors to introduce themselves publicly. If you want a clearer sense of the church beyond Sunday, try a Cell Fellowship during the week or speak with a pastor or leader after service. Trust is built over time, not in one visit.",Finding & Visiting Church,High,,Can I attend for a few weeks before deciding?,,,Draft,
Q0101,"Start with one consistent place where you can see the same people regularly. In Bangalore, community is built through rhythms, not random meetups. A simple step is to attend church weekly and join a Cell Fellowship—smaller groups are where friendships grow faster. At ROLCC, you can connect through the Welcome Form, meet someone from our team after service, and find a group or serving team that fits you (Welcoming, Media, Outreach, etc.). Show up consistently for a few weeks—belonging usually follows.",General,High,,I just moved to Bangalore. How do I build a new community?,,,Draft,
Q0102,"Start with one safe connection point and take one step at a time. If you’re new and don’t know anyone, begin by attending a Sunday service regularly, then use the Welcome Form so someone can help you get connected. A Cell Fellowship is often the best next step because it’s smaller, relational, and easier to talk. If you’re open to it, serving in a team (Welcoming, Media/Production, Outreach, etc.) also helps you meet people naturally. You don’t have to do it all at once—just start somewhere.",General,High,,I don't know anyone here. Where do I start?,,,Draft,
Q0103,"Homesickness is real, and it doesn’t mean you’re weak—it means you loved where you came from. A practical start is to build a small, steady routine: sleep well, eat well, stay connected to family back home, and don’t isolate yourself. Community helps your heart heal, not just time. At ROLCC, joining a Cell Fellowship can give you people who notice you and pray with you. If the sadness feels heavy or long-lasting, our Counselling Ministry can also support you with care and wisdom.",General,High,,I'm homesick. How do I cope?,,,Draft,
Q0104,"Look for friendships built around shared faith and shared life—not just Sunday hellos. A practical step is to join a Cell Fellowship, because that’s where people talk, pray, and care for one another through the week. Serving is another strong pathway—when you volunteer in a team (Welcoming, River Kids, Media/Production, Outreach, etc.), you naturally build friendships while doing something meaningful. At ROLCC, you can connect through the Welcome Form or speak with someone after service to find the right group for you.",Finding & Visiting Church,High,,How do I find Christian friends in Bangalore?,,,Draft,
Q0105,"Look for a church where you can grow in Jesus, be known, and serve—not just attend. A good church will teach the Bible clearly, welcome people from different backgrounds, and help you build real relationships beyond Sundays. Try visiting a few times, ask questions, and notice whether people follow up with care rather than hype. At ROLCC, many people find “home” through a Cell Fellowship and serving in a ministry team during the week, not only through the Sunday service. Home is usually built over time.",Finding & Visiting Church,High,,How do I find a church that feels like home?,,,Draft,
Q0106,"Yes. If you’re new to the city, you can absolutely come alone. Many people in Bangalore are starting fresh, and it’s normal to walk in without a friend. At ROLCC, we’ll welcome you warmly, but we won’t make you introduce yourself publicly. You can simply attend, sit, and listen. If you’d like help connecting, use the Welcome Form or speak with someone after service so we can help you find a Cell Fellowship or a serving team where friendships can grow naturally.",General,High,,Can I come alone if I'm new to the city?,,,Draft,
Q0107,"Yes. ROLCC is made up of people in different life stages—students, young professionals, parents, and families—so you won’t be the only one in your season. The best way to find “your people” isn’t just by age, but by proximity and consistency. A Cell Fellowship during the week helps you connect with a smaller group where you can actually talk and be known. If you share your details through the Welcome Form, we can help point you to a group that fits you.",General,High,,Are there people my age?,,,Draft,
Q0108,"Yes. Church life isn’t meant to be only Sunday. At ROLCC, we also have things happening during the week—especially Cell Fellowships, prayer gatherings, ministry meetings, and training opportunities (like Ministry Training or School of Music, depending on the season). These weekday spaces are often where friendships grow and people receive personal care. If you share your interest through the Welcome Form or speak with our team after service, we can guide you to what’s currently running and what fits your schedule.",General,High,,Is there anything happening during the week?,,,Draft,
Q0109,"Settle in by building simple rhythms and a few healthy connections. Choose a neighbourhood routine (sleep, food, exercise), learn your commute, and give yourself time—moving is stressful even when it’s exciting. Then find community on purpose: join a church, a small group, or a serving team where you’ll see the same people consistently. At ROLCC, a Cell Fellowship is often the easiest place to start because it turns a big city into a smaller family. If you need prayer or support, our team is here to help.",General,High,,How do I settle into a new city?,,,Draft,
Q0110,"Because loneliness isn’t only about being around people—it’s about feeling known, safe, and connected. You can be surrounded by noise and still feel unseen. A helpful step is to name what you’re missing: deep friendship, family, purpose, rest, or someone who truly understands you. Then take one relational step—join a small group, ask for prayer, talk to someone you trust, or reach out for counselling if it feels heavy. At ROLCC, Cell Fellowships and our Counselling Ministry can help you move from “surrounded” to “supported.”",Care & Hope,High,,Why do I feel lonely even though I'm surrounded by people?,,,Draft,
Q0111,"Build meaningful friendships by showing up consistently where real conversations can happen. Sundays can be a start, but deeper friendships usually grow in smaller circles. At ROLCC, a practical next step is to join a Cell Fellowship (Midweek Fellowship meets Wednesdays at 8:00 PM), where people pray, share life, and support each other beyond a quick hello. Serving is another pathway—when you join a team like Ushers & Welcome, Media & Production, River Kids, or Outreach, friendships form naturally over time. Start with one step and stay with it for a few weeks.",General,High,,How do I make meaningful friendships?,,,Draft,
Q0112,"Don’t just fill your weekend—build a rhythm of community. If weekends feel lonely, a simple step is to commit to a Sunday service and one weekday connection point for a season. At ROLCC, many people find family through Cell Fellowship and Midweek Fellowship, where you can actually talk, pray, and be known. Serving also helps—Ushers & Welcome, Media & Production, River Kids, and Outreach teams create natural friendships while you do something meaningful. You don’t have to change everything at once—start with one consistent step.",General,High,,I'm tired of spending weekends alone.,,,Draft,
Q0113,"You don’t have to carry this alone. A practical first step is to reach out to one safe person today—a friend, family member, or pastor—and tell them honestly how you’re doing. At ROLCC, you can ask for prayer through our Prayer Ministry, speak with a pastor, or connect through the Welcome Form so someone can follow up. If what you’re carrying feels heavy or long-lasting, our Counselling Ministry is also available for spiritual and practical support. Help is not a weakness—it’s a wise next step.",General,High,,I don't have anyone to talk to.,,,Draft,
Q0114,"Yes—church can help, especially through personal care and counselling. Loneliness often needs more than a crowd; it needs a safe place to be heard, prayed with, and guided. At ROLCC, you can reach out to our Counselling Ministry for pre-marital, crisis, family, or spiritual counselling grounded in Scripture. If you also want community support, Cell Fellowship/Midweek Fellowship is a helpful space to build relationships over time. You don’t have to carry loneliness alone—take one step toward support this week.",Care & Hope,High,,Can church help if I'm lonely?,,,Draft,
Q0115,"Yes—please do. Asking someone to pray with you is a simple, biblical way to seek God’s help, and you don’t need to have the “right words.” At ROLCC, you can request prayer through our Prayer Ministry, speak with a pastor after service, or share your need through the Welcome Form so someone can follow up. If you’re comfortable, a Cell Fellowship is also a safe place to be prayed for and supported over time. You’re not meant to carry burdens alone.",Care & Hope,High,,Is it okay to ask someone to pray with me?,,,Draft,
Q0116,"Adults make genuine friends where there’s consistency, shared purpose, and time for real conversation. That’s why quick events rarely cure loneliness. A practical step is to commit to one community space for a season. At ROLCC, Cell Fellowship/Midweek Fellowship is designed for that—prayer, Bible, and doing life together. Serving is another strong pathway: Ushers & Welcome, Media & Production, River Kids, Worship, and Outreach teams help you build friendships while you serve. Real friendship grows through repeated small moments.",General,High,,Where do adults make genuine friends anymore?,,,Draft,
Q0117,"That longing is a healthy sign—you were made for community, not isolation. The quickest way to rebuild community is to choose one place and be consistent long enough for people to know you. At ROLCC, Sundays are a start, but Cell Fellowship and Midweek Fellowship are where community becomes personal. You can also join a serving team—Ushers & Welcome, Media & Production, River Kids, Outreach—so you’re connected beyond a handshake. Start small, but stay steady.",General,High,,I miss having a community.,,,Draft,
Q0118,"Start by simply coming as you are. You don’t need to know what to do or what to wear. At ROLCC, you’re welcome to attend a Sunday service (8:00 AM Tamil, 10:00 AM English at HSR Layout), sit, and observe—no one will force you to introduce yourself publicly. If you want help navigating, you can fill the Welcome Form and our team will connect with you. A great next step after a Sunday is Midweek Fellowship/Cell Fellowship, where you can ask questions and build relationships.",Finding & Visiting Church,High,,I've never been to church. Where do I start?,,,Draft,
Q0119,"You can explore Christianity even if you don’t know any Christians personally. A simple start is to attend a Sunday service and just listen. At ROLCC, we won’t put you on the spot or ask you to introduce yourself publicly. Our 10:00 AM service is primarily in English, with people from different backgrounds. If you’d like someone to walk with you, fill the Welcome Form and we can help you connect with a pastor or a Cell Fellowship (Midweek Fellowship meets Wednesdays at 8:00 PM). Questions are welcome—faith grows through honest seeking.",Finding & Visiting Church,High,,I'm curious about Christianity but don't know anyone Christian.,,,Draft,
Q0120,"Yes. You can ask questions and still be respected. Honest questions are often part of a sincere search for truth. At ROLCC, you don’t have to pretend you have it all figured out—especially if you’re exploring faith. A practical place to ask is a Cell Fellowship/Midweek Fellowship, where conversation is more natural than in a large gathering. You can also speak with a pastor or leader after service. We aim to respond with biblical conviction and humility, not judgement.",General,High,,Can I ask questions without feeling judged?,,,Draft,
Q0121,"No. You don’t have to believe before you attend. Church is a place to hear, observe, and explore—many people begin with curiosity long before clarity. At ROLCC, you’re welcome to come to a service, listen to the teaching, and take things at your own pace. We won’t ask visitors to introduce themselves publicly, and you won’t be pressured to pretend. If you’d like a smaller space to process, Midweek Fellowship/Cell Fellowship is a good next step. Belief often grows through repeated exposure to truth and community.",Finding & Visiting Church,High,,Do I have to believe before I attend?,,,Draft,
Q0122,"Yes. You can explore Christianity at your own pace. God is not threatened by your questions, and real faith grows through understanding, not pressure. At ROLCC, you’re welcome to attend, listen, and take time to process—without being asked to introduce yourself publicly or forced into quick decisions. If you want a next step that still feels gentle, try Midweek Fellowship/Cell Fellowship, where you can ask questions and build relationships. Start with one step you can sustain, and keep moving forward honestly.",Finding & Visiting Church,High,,Can I explore Christianity at my own pace?,,,Draft,
Q0123,"No. Church isn’t only for “religious people.” Church is for real people who need God—people searching for hope, healing, community, and truth. At ROLCC, you’re welcome whether you’ve followed Jesus for years or you’re just exploring. You can come, listen, and observe without being put on the spot or asked to introduce yourself publicly. If you want community beyond Sundays, Midweek Fellowship/Cell Fellowship is a practical way to connect. Come as you are, and take your next step when you’re ready.",Finding & Visiting Church,High,,Is church only for religious people?,,,Draft,
Q0124,"You’re still welcome. Disagreement doesn’t disqualify you from attending—it often means you’re thinking seriously. At ROLCC, you can come, listen, and ask honest questions without needing to pretend. Over time, we encourage you to test what you hear against Scripture and be open to what God may show you. A helpful next step is to talk with a pastor or join a Cell Fellowship/Midweek Fellowship, where you can discuss beliefs in a calmer setting. We aim to hold biblical conviction with humility and patience.",Finding & Visiting Church,Medium,,What if I disagree with some Christian beliefs?,,,Draft,
Q0125,"Yes. You can attend simply to understand Christianity. Many people start by listening before they believe. At ROLCC, you’re welcome to come to a Sunday service (10:00 AM English at HSR Layout), sit, and observe without pressure. We won’t ask visitors to introduce themselves publicly. If you want space to ask questions, Midweek Fellowship/Cell Fellowship is a great next step. You can also use the Welcome Form to connect with someone who can guide you. Explore honestly—God can handle your questions.",Finding & Visiting Church,High,,Can I attend just to understand Christianity?,,,Draft,
Q0126,"Yes—church can be a strong place for your child to grow in values, because values are formed through truth, community, and example. At ROLCC, River Kids is designed to help children learn Scripture, worship, and godly character in an age-appropriate way, while parents are supported too. Along with that, being part of a church family helps children see faith lived out in real life—not just taught. A practical step is to attend as a family consistently and get connected beyond Sundays through fellowship and community.",Families & Children,High,,I want my child to grow up with good values. Is church a good place?,,,Draft,
Q0127,"Yes—there are opportunities for children and adults to grow in music at ROLCC. We have worship ministry and a School of Music (depending on the season and availability) that helps people develop skills and use them to serve God. A practical first step is to speak with our team after a service or share your interest through the Welcome Form so the right leader can guide you. We value both skill and character, so training often includes spiritual growth, discipline, and serving with humility—not just performance.",Families & Children,Medium,,Can my child learn music at church?,,,Draft,
Q0128,"Possibly, but it depends on age, readiness, and the pathway the team follows. At ROLCC, we want children to grow in both skill and spiritual maturity, not just be on a stage. A good first step is to connect with our River Kids & Family team or the worship leadership after a service, or share your interest through the Welcome Form so the right leader can guide you. Many children start by learning worship basics and serving in age-appropriate ways before joining larger teams. We’ll help you find the right fit.",Families & Children,Medium,,Can my child join the worship team?,,,Draft,
Q0129,"Sometimes, yes—but we try to keep the focus on worship and growth, not spotlight. As children learn and mature, there may be opportunities to participate in church moments (especially through River Kids & Family, worship events, or special programmes), based on what’s appropriate and helpful. If you’re asking about your child specifically, the best step is to speak with our River Kids leaders or share your interest via the Welcome Form so they can guide you. Our goal is confidence with character: serving God joyfully, not performing for applause.",Families & Children,Medium,,Will my child have opportunities to perform?,,,Draft,
Q0130,"Confidence grows when a child feels loved, capable, and guided—then gets chances to try again without shame. Start by affirming effort (not just results), giving small responsibilities at home, and helping them practise one skill consistently (sports, music, reading, speaking). Spiritually, children gain confidence when they know God loves them and they belong. At ROLCC, River Kids helps children learn Scripture and worship in a safe, encouraging environment, and parents are supported too. If anxiety or fear feels intense, don’t hesitate to seek wise counsel early—support is strength.",Families & Children,Medium,,How can my child build confidence?,,,Draft,
Q0131,"Yes. Life at ROLCC is more than a Sunday service. We encourage people to grow through Cell Fellowship/Midweek Fellowship, prayer gatherings (including fasting prayers), serving teams, and training environments like our Pre Ministry Diploma (PMD). These weekday rhythms are often where friendships form and spiritual growth becomes practical. If you share your details through the Welcome Form or speak to our team after service, we can point you to what’s running right now and what fits your schedule and season of life.",General,High,,Are there activities beyond Sunday?,,,Draft,
Q0132,"Yes—teenagers can get involved, in age-appropriate ways. Serving helps young people grow in faith, confidence, and responsibility. At ROLCC, teens can often support areas like Ushers & Welcome, Media/Production, outreach, and worship-related roles (with guidance), and also grow through Cell Fellowship and church community. The best next step is for a parent/guardian to connect with our team and share the teen’s interest through the Welcome Form so the right leader can guide the process and place them well.",Families & Children,Medium,,Can teenagers get involved in serving?,,,Draft,
Q0133,"Help your child build Christian friendships by giving them consistent, faith-filled spaces with the same people. Friendships grow through repetition, not one-time events. At ROLCC, River Kids & Family is a great start—children learn Scripture and worship together, and they meet others in their age group. For parents, being part of Cell Fellowship also helps because kids often form friendships with other families. Encourage your child to participate regularly, and model community yourself—children learn belonging by watching you choose it too.",Families & Children,High,,How do I help my child build Christian friendships?,,,Draft,
Q0134,"Yes—mentoring is part of healthy church life, though it usually happens through relationships rather than a “programme” only. At ROLCC, many young people find guidance through pastors/leaders, serving teams, and Cell Fellowship where growth and accountability become personal. A practical next step is to get connected consistently and let a leader know you’re looking for mentoring (via the Welcome Form or by speaking with our team). As trust forms, we can help connect you to the right people who can walk with you in faith, character, and calling.",Serving & Ministry,Medium,,Is there mentoring for young people?,,,Draft,
Q0135,"Yes—church can be a meaningful place for children to discover and develop their talents, because gifts grow best with encouragement and purpose. At ROLCC, River Kids helps children grow in worship, Scripture, and confidence in age-appropriate ways. As they grow, there may also be pathways into music, creativity, or serving alongside family. The key is consistency: help your child show up, participate, and practise. If you want guidance for your child specifically, connect with the River Kids & Family team through the Welcome Form so a leader can help you with next steps.",Families & Children,High,,Can my child discover their talents at church?,,,Draft,
Q0136,"Serving isn’t about knowing “church work”—it’s about using what you have to bless people in Jesus’ name. Start with one simple, practical role and learn as you go. At ROLCC, you can share your interest with our team or through the Welcome Form, and a department leader will guide the next steps. Common starting points include Ushers & Welcome, Media/Production, River Kids support roles, outreach, or prayer support. Don’t wait until you feel perfect—start with humility, be teachable, and let serving shape your heart, not just your skills.",Serving & Ministry,High,,I know how to work. I don't know how to serve.,,,Draft,
Q0137,"You’re right—life is more than work. Work can pay the bills, but it can’t carry the weight of your soul. Purpose grows when you reconnect with God, with people, and with something bigger than yourself. A practical start is to build spiritual rhythms: attend church, join Cell Fellowship, and set aside time for prayer and Scripture. At ROLCC, serving is also a pathway—when you join a team like Ushers & Welcome, Outreach, Media/Production, or River Kids, your weeks begin to carry meaning because you’re blessing others, not just surviving.",General,Medium,,I feel like there's more to life than work.,,,Draft,
Q0138,"Purpose isn’t usually found in one moment—it’s formed through walking with Jesus and faithfully doing the next right thing. Start with what God clearly calls every believer to: love God, love people, and grow in His Word. Then notice where your gifts and burdens meet real needs. At ROLCC, a practical way to discover this is to join Cell Fellowship, serve in one ministry area for a season (Welcome, Media, Outreach, River Kids, etc.), and ask a pastor/leader for guidance. Clarity often comes while you’re moving, not while you’re stuck waiting.",General,Medium,,How do I discover my purpose?,,,Draft,
Q0139,"Use your talents where they serve people and honour Jesus, not just where they get applause. At ROLCC, there are many practical places to use what you’re good at: Ushers & Welcome, Media & Production, River Kids & Family, worship-related roles, outreach, and behind-the-scenes support. A simple next step is to share your interest through the Welcome Form or speak with our team so the right department leader can connect with you. Start with one area for a few weeks—your gifts become clearer as you serve consistently.",General,High,,I have talents. Where can I use them?,,,Draft,
Q0140,"Yes. If you play guitar, there are a few ways you may be able to serve—especially through worship ministry or music-related teams. At ROLCC, we value both skill and spiritual maturity, so serving in worship usually involves a process, training, and a heart for worship (not performance). A practical step is to share your interest through the Welcome Form or speak with our team so the worship leadership can guide you. If worship isn’t the best first fit, Media/Production or other serving teams can also be a great place to start growing and belonging.",Serving & Ministry,Medium,,I play guitar. Can I serve somewhere?,,,Draft,
Q0141,"Yes—design is a real gift, and it can serve the church well. At ROLCC, designers often help with communication, event creatives, social media, sermon series visuals, slides, and storytelling that helps people engage with God’s Word. A practical next step is to share your skills (portfolio if you have one) through the Welcome Form or speak with our team, and we’ll connect you with the right leader—often within Media/Production. Serving with your strengths is a great way to belong and contribute meaningfully.",Finding & Visiting Church,High,,I'm a designer. Can I help at church?,,,Draft,
Q0142,"Yes—tech skills are extremely helpful, and many roles are behind-the-scenes. At ROLCC, you could potentially serve in Media & Production (sound, slides, livestream, visuals), systems support, or other technology-related needs as we grow. The easiest next step is to share your interest and skill set through the Welcome Form or speak with our team after service, so a department leader can connect with you and guide the process. You don’t need to be perfect—just dependable, teachable, and willing to serve with humility.",Serving & Ministry,High,,I'm good with technology. Can I volunteer?,,,Draft,
Q0143,"God’s guidance usually becomes clearer through Scripture, prayer, wise counsel, and faithful obedience in small steps. Start with what God has already revealed: live with integrity, love people, grow in His Word, and serve. Then ask: What has God gifted me for, and what needs around me move my heart? At ROLCC, joining Cell Fellowship, serving in a ministry team for a season, and speaking with a pastor/leader can help bring clarity. God rarely guides the passive—direction often comes while you’re walking with Him.",General,Medium,,How do I know what God wants me to do?,,,Draft,
Q0144,"Give your weekend a purpose by choosing one thing that strengthens your soul and one thing that serves someone else. Rest matters, but so does meaning. A practical rhythm is: gather with God’s people, learn His Word, and take one step of obedience. At ROLCC, Sundays can anchor your week, and Cell Fellowship helps you stay connected beyond a service. Serving is another way weekends gain meaning—Ushers & Welcome, Outreach, Media/Production, River Kids, and prayer-related teams all help you invest your time into something eternal, not just another routine.",General,Medium,,I want my weekends to mean something.,,,Draft,
Q0145,"It’s a gift that you feel peace in church—but don’t stop there. God’s peace isn’t meant to be limited to one room; He wants to meet you in everyday life. If church is your only peaceful place, it may be a sign you need deeper healing, stronger spiritual rhythms, and supportive community. At ROLCC, consider asking for prayer, joining Cell Fellowship, and reaching out to our Counselling Ministry if anxiety or heaviness follows you outside church. Peace can grow from a moment into a lifestyle as you walk closely with Jesus.",Finding & Visiting Church,Medium,,Is it okay if church is the only place I feel peaceful?,,,Draft,
Q0146,"Yes—you can start again. God isn’t waiting to shame you; He’s inviting you back. Start simple: one honest sentence. “Lord, I’m here. Help me.” You don’t need perfect words—just a real heart. If it helps, read a short Psalm and respond to God in your own words. At ROLCC, you can also ask someone to pray with you through our Prayer Ministry, and if you’re carrying deeper pain or confusion, our Counselling Ministry can support you. Prayer is a relationship, and relationships can be rebuilt.",Care & Hope,High,,I haven't prayed in years. Can I start again?,,,Draft,
Q0147,"Begin with one honest step toward God, not a big performance. Tell Him the truth: “I feel far. Help me come back.” Then rebuild simple rhythms—Scripture, prayer, and fellowship—because distance from God often grows when we isolate. At ROLCC, connecting through Cell Fellowship can help you stay steady, and our Prayer Ministry is available if you want someone to pray with you. If the disconnection is tied to pain, burnout, or sin patterns, our Counselling Ministry can also help with biblical care and practical guidance. Start small, but start today.",General,High,,I feel disconnected from God. Where do I begin?,,,Draft,
Q0148,"Start with honesty, not technique. Prayer can be as simple as talking to God: what you’re feeling, what you’re afraid of, what you need, and what you’re grateful for. If you feel stuck, use a structure: (1) Thank God, (2) Ask for help, (3) Surrender your day. You can also pray through a Psalm—read a few lines and respond in your own words. At ROLCC, our Prayer Ministry can pray with you, and if there’s deeper struggle behind the silence, our Counselling Ministry can support you too.",Care & Hope,High,,I don't know how to pray anymore.,,,Draft,
Q0149,"You’re not the only one—many people walk in without knowing anyone. The best way to change that is to choose one connection path and be consistent. At ROLCC, you can fill the Welcome Form so someone can help you get connected, and consider joining Cell Fellowship where conversations happen naturally in a smaller group. Serving is another great bridge—when you join a team like Ushers & Welcome, Media/Production, River Kids, or Outreach, you meet people while doing something meaningful. Don’t measure belonging by one Sunday—give it a few weeks.",Finding & Visiting Church,High,,I don't know anyone at church.,,,Draft,
Q0150,"I’m sorry you felt that way—church should never feel like a place where you disappear. Sometimes it happens because a big room can feel anonymous, not because people don’t care. A practical next step is to take one small step toward connection: fill the Welcome Form, speak to someone from Ushers & Welcome, or ask to be connected to a Cell Fellowship where you can be known by name. If you’ve been carrying loneliness or hurt for a while, our Counselling Ministry is also available. You matter to God, and you should be seen in God’s family too.",Finding & Visiting Church,High,,I feel invisible when I attend church.,,,Draft,
Q0151,,Finding & Visiting Church,,,"I don't think I'm ""good enough"" for church.",,,Draft,
Q0152,,General,,,Can I come back after making mistakes?,,,Draft,
Q0153,,Finding & Visiting Church,,,What if I cry during church?,,,Draft,
Q0154,,General,,,Is it okay if I don't sing during worship?,,,Draft,
Q0155,,General,,,What if I don't understand the sermon?,,,Draft,
Q0156,,General,,,I don't know how to read the Bible.,,,Draft,
Q0157,,General,,,I'm afraid people will judge me.,,,Draft,
Q0158,,Finding & Visiting Church,,,I'm not looking for a perfect church. I'm looking for a place to belong.,,,Draft,
Q0159,,Finding & Visiting Church,,,How do I move from simply attending church to becoming part of a community?,,,Draft,
Q0160,,General,,,Is it okay to take small steps in my faith journey?,,,Draft,
Q0161,,General,,,How can I discover the gifts God has given me?,,,Draft,
Q0162,,Serving & Ministry,,,How do I know where I can serve in church?,,,Draft,
Q0163,,General,,,"What if I don't feel ""spiritual enough"" to get involved?",,,Draft,
Q0164,,General,,,Can I grow at my own pace?,,,Draft,
Q0165,,Finding & Visiting Church,,,How can church become more than just a Sunday routine?,,,Draft,
Q0166,,Finding & Visiting Church,,,I'm an atheist. Can I attend church?,,,Draft,
Q0167,,Finding & Visiting Church,,,Can agnostics go to church?,,,Draft,
Q0168,,Finding & Visiting Church,,,Will Christians judge me if I don't believe?,,,Draft,
Q0169,,Finding & Visiting Church,,,Can I attend church just to understand Christianity?,,,Draft,
Q0170,,Finding & Visiting Church,,,Is it okay to ask difficult questions in church?,,,Draft,
Q0171,,Serving & Ministry,,,Can I disagree with the pastor and still attend?,,,Draft,
Q0172,,Finding & Visiting Church,,,Do churches welcome skeptics?,,,Draft,
Q0173,,Care & Hope,,,Can I attend without praying or singing?,,,Draft,
Q0174,,General,,,Will people expect me to convert?,,,Draft,
Q0175,,Finding & Visiting Church,,,Is church only for believers?,,,Draft,
Q0176,,Finding & Visiting Church,,,Is Christianity intellectually defensible?,,,Draft,
Q0177,,Finding & Visiting Church,,,Can science and Christianity coexist?,,,Draft,
Q0178,,General,,,Why do intelligent people believe in God?,,,Draft,
Q0179,,General,,,Is faith the opposite of reason?,,,Draft,
Q0180,,Finding & Visiting Church,,,Can I believe in evolution and still be a Christian?,,,Draft,
Q0181,,General,,,What evidence is there for Jesus?,,,Draft,
Q0182,,General,,,How reliable is the Bible?,,,Draft,
Q0183,,General,,,Why does God allow suffering?,,,Draft,
Q0184,,Finding & Visiting Church,,,Why are there so many denominations?,,,Draft,
Q0185,,Finding & Visiting Church,,,Why do Christians believe Jesus is God?,,,Draft,
Q0186,,General,,,"I want to believe, but I can't.",,,Draft,
Q0187,,General,,,I lost my faith.,,,Draft,
Q0188,,General,,,I don't know what I believe anymore.,,,Draft,
Q0189,,Finding & Visiting Church,,,I'm questioning Christianity.,,,Draft,
Q0190,,General,,,I have doubts about God.,,,Draft,
Q0191,,General,,,Can I belong before I believe?,,,Draft,
Q0192,,Finding & Visiting Church,,,Will Christians try to argue with me?,,,Draft,
Q0193,,General,,,Can I simply listen?,,,Draft,
Q0194,,General,,,Can I ask difficult questions?,,,Draft,
Q0195,,General,,,What if I don't agree?,,,Draft,
Q0196,,Finding & Visiting Church,,,Can I come with my Christian friend?,,,Draft,
Q0197,,General,,,Is it okay if I'm only curious?,,,Draft,
Q0198,,Finding & Visiting Church,,,Can I visit more than once before deciding what I believe?,,,Draft,
Q0199,,Finding & Visiting Church,,,How do I choose the right church?,,,Draft,
Q0200,,Finding & Visiting Church,,,How many times should I visit before deciding?,,,Draft,
Q0201,,Finding & Visiting Church,,,Can I attend different churches before choosing one?,,,Draft,
Q0202,,Finding & Visiting Church,Medium,Yes,What denomination is this church?,How would you like ROLCC to publicly describe its denomination on the website?,,Draft,About Us
Q0203,,Finding & Visiting Church,,,Is this a Pentecostal church?,,,Draft,
Q0204,,Finding & Visiting Church,,,Is this an Evangelical church?,,,Draft,
Q0205,,Finding & Visiting Church,,,Is this a Charismatic church?,,,Draft,
Q0206,,Finding & Visiting Church,,,Is this a Bible-believing church?,,,Draft,
Q0207,,Finding & Visiting Church,,,What does this church believe?,,,Draft,
Q0208,,Finding & Visiting Church,,,Is this church suitable for families?,,,Draft,
Q0209,,Finding & Visiting Church,,,Is this church suitable for young professionals?,,,Draft,
Q0210,,Finding & Visiting Church,,,Is this church suitable for college students?,,,Draft,
Q0211,,Finding & Visiting Church,,,What languages are spoken at the church?,,,Draft,
Q0212,,Finding & Visiting Church,,,Do you have English services?,,,Draft,
Q0213,,Finding & Visiting Church,,,Do you have Tamil services?,,,Draft,
Q0214,,General,,,Can someone help me if I speak Hindi?,,,Draft,
Q0215,,General,,,Will I find people from my home state?,,,Draft,
Q0216,,Finding & Visiting Church,,,I'm new to Bangalore. Can this church help me settle in?,,,Draft,
Q0217,,Finding & Visiting Church,,,What kind of church is ROLCC?,,,Draft,
Q0218,,General,,,What does ROLCC believe?,,,Draft,
Q0219,,Finding & Visiting Church,,,What makes ROLCC different from other churches in Bangalore?,,,Draft,
Q0220,,Finding & Visiting Church,,,Is ROLCC a Pentecostal church?,,,Draft,
Q0221,,Finding & Visiting Church,,,Who usually attends ROLCC?,,,Draft,
Q0222,,Finding & Visiting Church,,,Is ROLCC a family-friendly church?,,,Draft,
Q0223,,General,,,What languages are spoken at ROLCC?,,,Draft,
Q0224,,Finding & Visiting Church,,,Can I attend if I don't speak English or Tamil?,,,Draft,
Q0225,,General,,,"Will I be able to connect with people who speak Hindi, Malayalam, Telugu, Nepali, Bengali, or other Indian languages?",,,Draft,
Q0226,,General,,,I'm new to Bangalore. Will I find people from my state or language background?,,,Draft,
Q0227,"Yes. Everyone is welcome at ROLCC regardless of their faith or background. Whether you're exploring Christianity, visiting with a friend, or simply curious, you're welcome to attend our services without any pressure to become a member or Christian. You're free to observe, ask questions, and take your journey at your own pace.",Finding & Visiting Church,High,,Can I visit if I'm not a Christian?,,Romans 15:7,Draft,Homepage
Q0228,,Finding & Visiting Church,,,Can I simply attend without becoming a member?,,,Draft,
Q0229,,Finding & Visiting Church,,,My spouse is a Christian but I'm not. Can we attend together?,,,Draft,
Q0230,,Finding & Visiting Church,,,We're looking for a church as a newly married couple.,,,Draft,
Q0231,,Finding & Visiting Church,,,We're moving to Bangalore after marriage. How do we find a church?,,,Draft,
Q0232,,Serving & Ministry,,,Can couples serve together?,,,Draft,
Q0233,,General,,,I'm a college student. Is there a place for me?,,,Draft,
Q0234,,Finding & Visiting Church,,,Can I attend church if I'm studying in Bangalore away from home?,,,Draft,
Q0235,,General,,,How do I make friends as a student?,,,Draft,
Q0236,,Finding & Visiting Church,,,I haven't been to church in years. Can I come back?,,,Draft,
Q0237,,General,,,Will I be judged if I return after a long time?,,,Draft,
Q0238,,General,,,I want to reconnect with God. Where do I start?,,,Draft,
Q0239,,Finding & Visiting Church,,,Is it okay if I don't know what to do during the service?,,,Draft,
Q0240,,General,,,Are there activities for college students?,,,Draft,
Q0241,,Families & Children,,,How can I help underprivileged children in Bangalore?,,,Draft,
Q0242,,Serving & Ministry,,,How can I volunteer on weekends in Bangalore?,,,Draft,
Q0243,,Giving & CSR,,,Where can I do meaningful charity work?,,,Draft,
Q0244,,General,,,How can I give back to society?,,,Draft,
Q0245,,Families & Children,,,Where can I volunteer with children?,,,Draft,
Q0246,,Families & Children,,,How do I support education for underprivileged children?,,,Draft,
Q0247,,Families & Children,,,Where can I sponsor a child's education?,,,Draft,
Q0248,,General,,,How can I make a difference in my community?,,,Draft,
Q0249,,Giving & CSR,,,Can our company partner with a local NGO?,,,Draft,
Q0250,,Giving & CSR,,,Is my donation eligible for 80G?,,,Draft,
Q0251,,Giving & CSR,,,How do I know where my donation is used?,,,Draft,
Q0252,,Families & Children,,,Can I sponsor a specific child?,,,Draft,
Q0253,,General,,,Can I sponsor music education?,,,Draft,
Q0254,,General,,,Can I support a family in need?,,,Draft,
Q0255,,General,,,Can I donate monthly?,,,Draft,
Q0256,,Serving & Ministry,,,Can I volunteer instead of donating?,,,Draft,
Q0257,,General,,,Can I donate my skills instead of money?,,,Draft,
Q0258,,General,,,"Can I donate books, clothes or instruments?",,,Draft,
Q0259,,Serving & Ministry,,,I'm a software engineer. How can I volunteer?,,,Draft,
Q0260,,General,,,I'm a designer. Can I contribute?,,,Draft,
Q0261,,Families & Children,,,I'm a teacher. How can I help children?,,,Draft,
Q0262,,Serving & Ministry,,,I'm a doctor. Can I volunteer?,,,Draft,
Q0263,,Families & Children,,,I'm a musician. Can I teach children?,,,Draft,
Q0264,,Serving & Ministry,,,I'm a photographer. Can I serve?,,,Draft,
Q0265,,Serving & Ministry,,,Can I mentor students?,,,Draft,
Q0266,,General,,,Can I teach spoken English?,,,Draft,
Q0267,,General,,,Can I teach computer skills?,,,Draft,
Q0268,,General,,,Can I help with career guidance?,,,Draft,
Q0269,,Serving & Ministry,,,Can we volunteer together as a family?,,,Draft,
Q0270,,Families & Children,,,Can my children participate in charity activities?,,,Draft,
Q0271,,Families & Children,,,How do I teach my children compassion?,,,Draft,
Q0272,,Serving & Ministry,,,Are there family volunteering opportunities?,,,Draft,
Q0273,,Families & Children,,,Can teenagers volunteer?,,,Draft,
Q0274,,Serving & Ministry,,,Where can I volunteer during weekends?,,,Draft,
Q0275,,Serving & Ministry,,,Can volunteering help me grow personally?,,,Draft,
Q0276,,Serving & Ministry,,,Do you provide volunteer certificates?,,,Draft,
Q0277,,Serving & Ministry,,,Can I complete my social internship?,,,Draft,
Q0278,,Serving & Ministry,,,Can I join as a student volunteer?,,,Draft,
Q0279,,General,,,Where do I belong?,,,Draft,
Q0280,,General,,,How do I find people who genuinely care?,,,Draft,
Q0281,,General,,,I'm tired of feeling alone.,,,Draft,
Q0282,,Finding & Visiting Church,,,Can church become family?,,,Draft,
Q0283,,General,,,What if I'm not ready to commit?,,,Draft,
Q0284,,General,,,Is it okay to just come and breathe?,,,Draft,
Q0285,,General,,,Can I take my faith journey one step at a time?,,,Draft,
Q0286,,General,,,Will someone notice if I'm struggling?,,,Draft,
Q0287,,General,,,Can I come even if I don't have everything figured out?,,,Draft,
Q0288,,General,,,I'm relocating to Bangalore. How do I find community quickly?,,,Draft,
Q0289,,General,,,I only know my colleagues. How do I build a life outside work?,,,Draft,
Q0290,,General,,,My weekends feel empty.,,,Draft,
Q0291,,General,,,I've lived in Bangalore for years but still don't feel at home.,,,Draft,
Q0292,,General,,,How do I meet people beyond my workplace?,,,Draft,
Q0293,,Finding & Visiting Church,,,Can church help me feel settled in Bangalore?,,,Draft,
Q0294,,General,,,I just need a peaceful place this Sunday.,,,Draft,
Q0295,,Finding & Visiting Church,,,Can I attend without feeling pressured?,,,Draft,
Q0296,,General,,,I'm socially exhausted.,,,Draft,
Q0297,,General,,,I don't want to meet lots of people today.,,,Draft,
Q0298,,General,,,Can I simply worship quietly?,,,Draft,
Q0299,,Finding & Visiting Church,,,Is it okay if I don't stay after the service?,,,Draft,
Q0300,,General,,,Can I take things at my own pace?,,,Draft,
Q0301,,Finding & Visiting Church,,,Can I attend church even if I don't believe in God?,,,Draft,
Q0302,,Finding & Visiting Church,,,Can I attend without pretending to believe?,,,Draft,
Q0303,,General,,,Will people respect my questions?,,,Draft,
Q0304,,General,,,Can I have conversations instead of debates?,,,Draft,
Q0305,,Finding & Visiting Church,,,What if I never become a Christian?,,,Draft,
Q0306,,General,,,How do adults make genuine friends anymore?,,,Draft,
Q0307,,General,,,I know many people but don't have close friends.,,,Draft,
Q0308,,General,,,I'm tired of superficial relationships.,,,Draft,
Q0309,,Finding & Visiting Church,,,Can church become my second family?,,,Draft,
Q0310,,Serving & Ministry,,,Where can I find mentors?,,,Draft,
Q0311,,Finding & Visiting Church,,,Can I find accountability in church?,,,Draft,
Q0312,,General,,,How do I know God's purpose for my life?,,,Draft,
Q0313,,Serving & Ministry,,,I know my profession. How do I discover my calling?,,,Draft,
Q0314,,General,,,Can my career be part of God's purpose?,,,Draft,
Q0315,,General,,,How do I discover my spiritual gifts?,,,Draft,
Q0316,,Serving & Ministry,,,How do I know where I should serve?,,,Draft,
Q0317,,Serving & Ministry,,,Does everyone have a calling?,,,Draft,
Q0318,,Finding & Visiting Church,,,Can ordinary people make a difference in church?,,,Draft,
Q0319,,General,,,I want my life to matter beyond work.,,,Draft,
Q0320,,General,,,Can adults learn music too?,,,Draft,
Q0321,,Serving & Ministry,,,Can I join the worship team if I'm a beginner?,,,Draft,
Q0322,,Serving & Ministry,,,Do I need experience to serve in worship?,,,Draft,
Q0323,,Families & Children,,,Can my child learn worship instruments?,,,Draft,
Q0324,,Serving & Ministry,,,Can I volunteer in music before becoming a member?,,,Draft,
Q0325,,Serving & Ministry,,,How does someone become part of the worship ministry?,,,Draft,
Q0326,,General,,,Can I use my musical gifts for God?,,,Draft,
Q0327,,Families & Children,,,Do you encourage children to participate in worship?,,,Draft,
Q0328,,General,,,Is there someone who speaks Malayalam?,,,Draft,
Q0329,,General,,,Can someone help me connect with Telugu families?,,,Draft,
Q0330,,General,,,Are there Nepali believers at ROLCC?,,,Draft,
Q0331,,Serving & Ministry,,,Is there a Hindi-speaking pastor or volunteer?,,,Draft,
Q0332,,General,,,Will I find people from North East India?,,,Draft,
Q0333,,General,,,Can I worship in English but still connect with people from my state?,,,Draft,
Q0334,,General,,,I don't speak Tamil. Will I feel included?,,,Draft,
Q0335,,General,,,I'm new to Bangalore and miss speaking my language.,,,Draft,
Q0336,,General,,,I feel emotionally exhausted all the time.,,,Draft,
Q0337,,General,,,How do I find rest beyond taking a vacation?,,,Draft,
Q0338,,General,,,I feel successful but empty.,,,Draft,
Q0339,,Care & Hope,,,Can church help with burnout?,,,Draft,
Q0340,,General,,,I don't enjoy anything anymore.,,,Draft,
Q0341,,General,,,Why do I feel disconnected from everyone?,,,Draft,
Q0342,,General,,,I'm constantly stressed. How do I find peace?,,,Draft,
Q0343,,Care & Hope,,,Can prayer really help with anxiety?,,,Draft,
Q0344,,Finding & Visiting Church,,,I grew up in church but drifted away. Can I come back?,,,Draft,
Q0345,,General,,,I haven't opened a Bible in years. Where do I start?,,,Draft,
Q0346,,General,,,I don't feel close to God anymore.,,,Draft,
Q0347,,General,,,Can I restart my faith journey?,,,Draft,
Q0348,,Finding & Visiting Church,,,Will people judge me for disappearing from church?,,,Draft,
Q0349,,General,,,I've made mistakes. Will God still accept me?,,,Draft,
Q0350,,General,,,How do I reconnect with God after years away?,,,Draft,
Q0351,,Finding & Visiting Church,,,Can church feel like home again?,,,Draft,
Q0352,,General,,,We're both working. Is there a place for our family?,,,Draft,
Q0353,,Serving & Ministry,,,Can we serve together as a couple?,,,Draft,
Q0354,,Finding & Visiting Church,,,We have a toddler. Can we still attend church comfortably?,,,Draft,
Q0355,,Families & Children,,,How do we raise our children with Christian values in today's world?,,,Draft,
Q0356,,General,,,Can my spouse and I meet other young families?,,,Draft,
Q0357,,Families & Children,,,We're expecting our first child. Does the church have support for young parents?,,,Draft,
Q0358,,Finding & Visiting Church,,,"How do we balance work, marriage and church?",,,Draft,
Q0359,,General,,,We moved to Bangalore for work. How do we build a family community?,,,Draft,
Q0360,,Serving & Ministry,,,I'm looking for ministry opportunities in Bangalore.,,,Draft,
Q0361,,Serving & Ministry,,,How do I know if God is calling me into ministry?,,,Draft,
Q0362,,Serving & Ministry,,,Can I serve God while working a full-time job?,,,Draft,
Q0363,,Serving & Ministry,,,Is full-time ministry only for pastors?,,,Draft,
Q0364,,Serving & Ministry,,,How do I prepare for ministry?,,,Draft,
Q0365,,Serving & Ministry,,,I'm moving to Bangalore for ministry. Which church should I join?,,,Draft,
Q0366,,Serving & Ministry,,,Can I intern at a church?,,,Draft,
Q0367,,Serving & Ministry,,,Are there churches that mentor future leaders?,,,Draft,
Q0368,,Serving & Ministry,,,How do I grow in ministry while working professionally?,,,Draft,
Q0369,,Serving & Ministry,,,Can I serve in church without leaving my career?,,,Draft,
Q0370,,Serving & Ministry,,,How do I discover my ministry calling?,,,Draft,
Q0371,,Serving & Ministry,,,How do I balance work and ministry?,,,Draft,
Q0372,,Serving & Ministry,,,Can I volunteer in different ministries before deciding where I fit?,,,Draft,
Q0373,,General,,,I feel called by God but don't know where to begin.,,,Draft,
Q0374,,Serving & Ministry,,,Does your church mentor people who sense a call to ministry?,,,Draft,
Q0375,,Serving & Ministry,,,I'm studying at a Bible college. Can I serve at your church?,,,Draft,
Q0376,,Serving & Ministry,,,I'm doing ministry training. Can I intern with your church?,,,Draft,
Q0377,,Serving & Ministry,,,Are there opportunities for ministry students?,,,Draft,
Q0378,,Serving & Ministry,,,Can I gain practical ministry experience?,,,Draft,
Q0379,,Serving & Ministry,,,Does your church mentor young pastors?,,,Draft,
Q0380,,Families & Children,,,Can I assist in children's ministry?,,,Draft,
Q0381,,Serving & Ministry,,,Can I shadow a pastor?,,,Draft,
Q0382,,Serving & Ministry,,,Can I serve while continuing my theological studies?,,,Draft,
Q0383,,General,,,Are there opportunities to preach or teach?,,,Draft,
Q0384,,Serving & Ministry,,,Does your church help develop future ministry leaders?,,,Draft,
Q0385,,Serving & Ministry,,,How do I serve God while working in IT?,,,Draft,
Q0386,,Serving & Ministry,,,Can I have a successful career and still serve God?,,,Draft,
Q0387,,Serving & Ministry,,,Is ministry only for pastors?,,,Draft,
Q0388,,General,,,How do I honour God through my profession?,,,Draft,
Q0389,,Serving & Ministry,,,Can I volunteer on weekends?,,,Draft,
Q0390,,Finding & Visiting Church,,,How do I use my professional skills in church?,,,Draft,
Q0391,,Serving & Ministry,,,I'm a software engineer. How can I serve?,,,Draft,
Q0392,,Serving & Ministry,,,I'm a doctor. How can I serve God?,,,Draft,
Q0393,,General,,,I'm an entrepreneur. How can I make an impact?,,,Draft,
Q0394,,Serving & Ministry,,,Can my career be part of God's calling?,,,Draft,
Q0395,,Finding & Visiting Church,,,'m new to Bangalore. Can I attend your church?,,,Draft,
Q0396,,Serving & Ministry,,,Is your church welcoming to international visitors?,,,Draft,
Q0397,,Finding & Visiting Church,,,Is the service in English?,,,Draft,
Q0398,,Finding & Visiting Church,,,Can I attend while I'm in India for a few months?,,,Draft,
Q0399,,General,,,I'm an exchange student. Can I join?,,,Draft,
Q0400,,Finding & Visiting Church,,,I'm working in Bangalore temporarily. Can I be part of your church?,,,Draft,
Q0401,,Serving & Ministry,,,Is there an international community at your church?,,,Draft,
Q0402,,Finding & Visiting Church,,,Can I attend even if I'm only here for six months?,,,Draft,
Q0403,,General,,,Do you have people from different countries?,,,Draft,
Q0404,,Serving & Ministry,,,Can I join a small group as an international student?,,,Draft,
Q0405,,Finding & Visiting Church,,,I'm travelling for business. Can I attend this Sunday?,,,Draft,
Q0406,,Finding & Visiting Church,,,Is your church close to Electronic City / HSR / Koramangala?,,,Draft,
Q0407,,Finding & Visiting Church,,,Will I feel welcome if I'm visiting from another country?,,,Draft,
Q0408,,Finding & Visiting Church,,,Does this church teach the Bible faithfully?,,,Draft,
Q0409,,General,,,Is there discipleship?,,,Draft,
Q0410,,General,,,Do you believe in the gifts of the Holy Spirit?,,,Draft,
Q0411,,General,,,Do you have systematic Bible study?,,,Draft,
Q0412,,General,,,Do you train leaders?,,,Draft,
Q0413,,General,,,Is there accountability?,,,Draft,
Q0414,,Serving & Ministry,,,Is there mentoring?,,,Draft,
Q0415,,General,,,Can I grow spiritually here?,,,Draft,
Q0416,,Serving & Ministry,,,Does the church equip believers for ministry?,,,Draft,
Q0417,,Serving & Ministry,,,Is there ministry training?,,,Draft,
Q0418,,Serving & Ministry,,,We want our employees to volunteer.,,,Draft,
Q0419,,General,,,Can your organization partner with us?,,,Draft,
Q0420,,Families & Children,,,Can our school collaborate with your children's initiatives?,,,Draft,
Q0421,,Serving & Ministry,,,Can our church partner with your ministry?,,,Draft,
Q0422,,Serving & Ministry,,,Do you host ministry interns?,,,Draft,
Q0423,,Finding & Visiting Church,,,Can missionaries connect with your church?,,,Draft,
Q0424,,Serving & Ministry,,,Which churches accept Bible college interns?,,,Draft,
Q0425,,Serving & Ministry,,,Can I intern while studying theology?,,,Draft,
Q0426,,Serving & Ministry,,,Can I gain pastoral experience?,,,Draft,
Q0427,,Serving & Ministry,,,Can I shadow pastors?,,,Draft,
Q0428,,Serving & Ministry,,,I'm looking for a spiritual mentor.,,,Draft,
Q0429,,General,,,Can someone disciple me?,,,Draft,
Q0430,,General,,,Who can guide me in my faith?,,,Draft,
Q0431,,Serving & Ministry,,,I'm a young leader looking for mentorship.,,,Draft,
Q0432,,Serving & Ministry,,,Can I be mentored for ministry?,,,Draft,
Q0433,,Finding & Visiting Church,,,How do I grow as a Christian leader?,,,Draft,
Q0434,,Serving & Ministry,,,Does your church mentor young professionals?,,,Draft,
Q0435,,Serving & Ministry,,,Can married couples receive mentoring?,,,Draft,
Q0436,,Serving & Ministry,,,Is there leadership mentoring?,,,Draft,
Q0437,,Serving & Ministry,,,Can I serve God while working full time?,,,Draft,
Q0438,,Serving & Ministry,,,Can professionals be involved in ministry?,,,Draft,
Q0439,,Serving & Ministry,,,How do I balance career and calling?,,,Draft,
Q0440,,Serving & Ministry,,,Is business also ministry?,,,Draft,
Q0441,,Serving & Ministry,,,Can software engineers serve God?,,,Draft,
Q0442,,Serving & Ministry,,,Can entrepreneurs serve in church?,,,Draft,
Q0443,,Serving & Ministry,,,I don't want to leave my career but I want to serve God.,,,Draft,
Q0444,,General,,,How do I use my profession for God's Kingdom?,,,Draft,
Q0445,,Finding & Visiting Church,,,How do I work for a church?,,,Draft,
Q0446,,Finding & Visiting Church,,,What qualifications do churches look for?,,,Draft,
Q0447,,Finding & Visiting Church,,,Can I work in church administration?,,,Draft,
Q0448,,Serving & Ministry,,,How do I become a worship leader?,,,Draft,
Q0449,,Serving & Ministry,,,Can I receive worship ministry training?,,,Draft,
Q0450,,Serving & Ministry,,,Can I join a worship team without experience?,,,Draft,
Q0451,,Serving & Ministry,,,My spouse and I want to serve God together.,,,Draft,
Q0452,,General,,,Can couples lead together?,,,Draft,
Q0453,,Serving & Ministry,,,How do we discover God's calling as a couple?,,,Draft,
Q0454,,Serving & Ministry,,,We both work full time. Can we still serve?,,,Draft,
Q0455,,Serving & Ministry,,,How do we balance family and ministry?,,,Draft,
Q0456,,Serving & Ministry,,,Can families volunteer together?,,,Draft,
Q0457,,Finding & Visiting Church,,,I'm visiting India. Can I attend church?,,,Draft,
Q0458,,Finding & Visiting Church,,,I'm in Bangalore for business. Can I attend this Sunday?,,,Draft,
Q0459,,Serving & Ministry,,,Can international students join the church?,,,Draft,
Q0460,,Serving & Ministry,,,Is there an international fellowship?,,,Draft,
Q0461,,Serving & Ministry,,,Can I volunteer while I'm in India?,,,Draft,
Q0462,,Finding & Visiting Church,,,I'm relocating to Bangalore from the US/UK/Africa. Which church should I attend?,,,Draft,